Año,Elección,Cargo,Partido,O,N,E,S,% padrón O,% padrón N,% padrón E,% padrón S,% votos emitidos O,% votos emitidos N,% votos emitidos E,% votos emitidos S,Cantidad de votos,Votos emitidos válidos,% sobre votos emitidos válidos,% padrón TOTAL,,,,
2019,Primarias,Presidente,UNIDOS,7089,5838,4231,3320,"34,13%","31,68%","27,42%","29,91%","46,42%","42,35%","37,18%","41,03%",20478,48529,"42,20%","31,16%",,,,
2019,Primarias,Presidente,IZQUIERDA,345,348,248,175,"1,66%","1,89%","1,61%","1,58%","2,26%","2,52%","2,18%","2,16%",1116,48529,"2,30%","1,70%",,,,
2019,Primarias,Presidente,PJ NO K,1774,1532,1200,871,"8,54%","8,31%","7,78%","7,85%","11,62%","11,11%","10,55%","10,77%",5377,48529,"11,08%","8,18%","73,83%",,Nota: los % de los cuadrantes están calculados sobre el padrón nacional por circuito; el Tribunal Electoral provincial no publica electores por circuito para TODO 2019.,
2019,Primarias,Presidente,PJ (K),4521,4151,4133,2598,"21,77%","22,53%","26,79%","23,41%","29,60%","30,11%","36,32%","32,11%",15403,48529,"31,74%","23,43%",,,,
2019,Primarias,Presidente,OTROS,1141,1069,807,489,"5,49%","5,80%","5,23%","4,41%","7,47%","7,75%","7,09%","6,04%",3506,48529,"7,22%","5,33%",,,,
2019,Primarias,Presidente,BLANCOS,139,309,251,233,"0,67%","1,68%","1,63%","2,10%","0,91%","2,24%","2,21%","2,88%",932,48529,"1,92%","1,42%",,,,
2019,Primarias,Presidente,ANULADOS,264,539,509,405,"1,27%","2,92%","3,30%","3,65%","1,73%","3,91%","4,47%","5,01%",1717,48529,"3,54%","2,61%",,,,
2019,Primarias,Concejales,UNIDOS,4856,4155,3334,2456,"23,38%","22,55%","21,61%","22,13%","35,38%","34,54%","33,02%","3,45%",14801,42966,"34,45%","23,00%",,,,
2019,Primarias,Concejales,PRO,1579,1129,842,656,"7,60%","6,13%","5,46%","5,91%","11,50%","9,38%","8,34%","0,92%",4206,42966,"9,79%","6,54%",,,,
2019,Primarias,Concejales,PJ NO K,29,33,27,13,"0,14%","0,18%","0,17%","0,12%","0,21%","0,27%","0,27%","0,02%",102,42966,"0,24%","0,16%",,,,
2019,Primarias,Concejales,PJ (K),2960,2655,2598,1668,"14,25%","14,41%","16,84%","15,03%","21,56%","22,07%","25,73%","2,35%",9881,42966,"23,00%","15,35%",,,,
2019,Primarias,Concejales,IZQUIERDA,111,106,77,53,"0,53%","0,58%","0,50%","0,48%","0,81%","0,88%","0,76%","0,07%",347,42966,"0,81%","0,54%","66,76%",,,
2019,Primarias,Concejales,OTROS,2899,2751,2211,1525,"13,96%","14,93%","14,33%","13,74%","21,12%","22,87%","21,90%","2,14%",9386,42966,"21,85%","14,58%",,,,
2019,Primarias,Concejales,BLANCOS,829,759,676,509,"3,99%","4,12%","4,38%","4,59%","6,04%","6,31%","6,69%","0,72%",2773,42966,"6,45%","4,31%",,,,
2019,Primarias,Concejales,ANULADOS,464,442,333,231,"2,23%","2,40%","2,16%","2,08%","3,38%","3,67%","3,30%","0,32%",1470,42966,"3,42%","2,28%",,,,
2019,Primarias,Intendente,UNIDOS,7086,6085,4630,3370,"34,11%","33,02%","30,01%","30,36%","51,62%","50,58%","45,85%","4,74%",21171,42966,"49,27%","32,90%",,,,
2019,Primarias,Intendente,PRO,379,251,178,130,"1,82%","1,36%","1,15%","1,17%","2,76%","2,09%","1,76%","0,18%",938,42966,"2,18%","1,46%",,,,
2019,Primarias,Intendente,OTROS,1413,1190,935,802,"6,80%","6,46%","6,06%","7,23%","10,29%","9,89%","9,26%","1,13%",4340,42966,"10,10%","6,74%","66,76%",,,
2019,Primarias,Intendente,PJ (K),4236,3924,3880,2457,"20,39%","21,29%","25,15%","22,14%","30,86%","32,62%","38,42%","3,46%",14497,42966,"33,74%","22,53%",,,,
2019,Primarias,Intendente,BLANCOS,301,265,215,190,"1,45%","1,44%","1,39%","1,71%","2,19%","2,20%","2,13%","0,27%",971,42966,"2,26%","1,51%",,,,
2019,Primarias,Intendente,ANULADOS,312,315,260,162,"1,50%","1,71%","1,69%","1,46%","2,27%","2,62%","2,57%","0,23%",1049,42966,"2,44%","1,63%",,,,
2019,Primarias,Gobernador,UNIDOS,5426,4888,4106,2830,"26,12%","26,52%","26,61%","25,50%","39,92%","40,63%","40,66%","39,80%",17250,42830,"40,28%","26,80%",,,,
2019,Primarias,Gobernador,PJ NO K,250,236,179,113,"1,20%","1,28%","1,16%","1,02%","1,84%","1,96%","1,77%","1,59%",778,42830,"1,82%","1,21%",,,,
2019,Primarias,Gobernador,PJ (K),4096,3739,3344,2238,"19,72%","20,29%","21,67%","20,16%","30,14%","31,08%","33,12%","31,47%",13417,42830,"31,33%","20,85%","66,55%",,,
2019,Primarias,Gobernador,IZQUIERDA,300,254,248,165,"1,44%","1,38%","1,61%","1,49%","2,21%","2,11%","2,46%","2,32%",967,42830,"2,26%","1,50%",,,,
2019,Primarias,Gobernador,PRO,2371,1858,1280,1103,"11,41%","10,08%","8,30%","9,94%","17,45%","15,44%","12,68%","15,51%",6612,42830,"15,44%","10,27%",,,,
2019,Primarias,Gobernador,BLANCOS,744,687,649,459,"3,58%","3,73%","4,21%","4,14%","5,47%","5,71%","6,43%","6,45%",2539,42830,"5,93%","3,95%",,,,
2019,Primarias,Gobernador,ANULADOS,404,368,292,203,"1,95%","2,00%","1,89%","1,83%","2,97%","3,06%","2,89%","2,85%",1267,42830,"2,96%","1,97%",,,,
2019,Primarias,Senador P,PRO,774,565,387,328,"3,73%","3,07%","2,51%","2,96%","5,69%","4,70%","3,83%","4,61%",2054,42830,"4,80%","3,19%",,,,
2019,Primarias,Senador P,UNIDOS,7328,6322,5054,3622,"35,28%","34,31%","32,75%","32,63%","53,92%","52,55%","50,05%","50,94%",22326,42830,"52,13%","34,69%",,,,
2019,Primarias,Senador P,PJ NO K,61,29,29,11,"0,29%","0,16%","0,19%","0,10%","0,45%","0,24%","0,29%","0,15%",130,42830,"0,30%","0,20%",,,,
2019,Primarias,Senador P,PJ (K),3800,3521,3356,2182,"18,29%","19,11%","21,75%","19,66%","27,96%","29,27%","33,23%","30,68%",12859,42830,"30,02%","19,98%","66,55%",,,
2019,Primarias,Senador P,IZQUIERDA,498,548,411,316,"2,40%","2,97%","2,66%","2,85%","3,66%","4,56%","4,07%","4,44%",1773,42830,"4,14%","2,75%",,,,
2019,Primarias,Senador P,OTROS,158,118,102,77,"0,76%","0,64%","0,66%","0,69%","1,16%","0,98%","1,01%","1,08%",455,42830,"1,06%","0,71%",,,,
2019,Primarias,Senador P,BLANCOS,557,538,457,361,"2,68%","2,92%","2,96%","3,25%","4,10%","4,47%","4,53%","5,08%",1913,42830,"4,47%","2,97%",,,,
2019,Primarias,Senador P,ANULADOS,415,389,302,214,"2,00%","2,11%","1,96%","1,93%","3,05%","3,23%","2,99%","3,01%",1320,42830,"3,08%","2,05%",,,,
2019,Primarias,Diputado P,UNIDOS,5372,4803,3788,2708,"25,86%","26,06%","24,55%","24,40%","39,53%","39,93%","37,51%","38,08%",16671,42830,"38,92%","25,90%",,,,
2019,Primarias,Diputado P,PRO,1490,1097,778,649,"7,17%","5,95%","5,04%","5,85%","10,96%","9,12%","7,70%","9,13%",4014,42830,"9,37%","6,24%",,,,
2019,Primarias,Diputado P,PJ NO K,26,39,22,14,"0,13%","0,21%","0,14%","0,13%","0,19%","0,32%","0,22%","0,20%",101,42830,"0,24%","0,16%",,,,
2019,Primarias,Diputado P,PJ (K),3074,2791,2657,1721,"14,80%","15,15%","17,22%","15,51%","22,62%","23,20%","26,31%","24,20%",10243,42830,"23,92%","15,92%","65,16%",,,
2019,Primarias,Diputado P,IZQUIERDA,363,309,289,197,"1,75%","1,68%","1,87%","1,77%","2,67%","2,57%","2,86%","2,77%",1158,42830,"2,70%","1,80%",,,,
2019,Primarias,Diputado P,OTROS,1569,1453,1286,864,"7,55%","7,88%","8,33%","7,78%","11,54%","12,08%","12,74%","12,15%",5172,42830,"12,08%","8,04%",,,,
2019,Primarias,Diputado P,BLANCOS,1236,1103,955,703,"5,95%","5,99%","6,19%","6,33%","9,09%","9,17%","9,46%","9,89%",3997,42830,"9,33%","6,21%",,,,
2019,Primarias,Diputado P,ANULADOS,461,435,323,255,"2,22%","2,36%","2,09%","2,30%","3,39%","3,62%","3,20%","3,59%",1474,42830,"3,44%","2,29%",,,,
2019,Generales,Presidente,PJ NO K,1294,1181,1083,726,"6,23%","6,41%","7,02%","6,54%","7,73%","8,17%","8,78%","8,35%",4284,52207,"8,21%","6,52%",,,,
2019,Generales,Presidente,IZQUIERDA,206,202,165,137,"0,99%","1,10%","1,07%","1,23%","1,23%","1,40%","1,34%","1,58%",710,52207,"1,36%","1,08%",,,,
2019,Generales,Presidente,PJ (K),4911,4499,4457,2819,"23,64%","24,41%","28,89%","25,40%","29,34%","31,14%","36,15%","32,42%",16686,52207,"31,96%","25,39%","79,43%",,,
2019,Generales,Presidente,OTROS,599,511,466,316,"2,88%","2,77%","3,02%","2,85%","3,58%","3,54%","3,78%","3,63%",1892,52207,"3,62%","2,88%",,,,
2019,Generales,Presidente,UNIDOS,9475,7805,5938,4551,"45,62%","42,35%","38,48%","41,00%","56,61%","54,03%","48,16%","52,34%",27769,52207,"53,19%","42,25%",,,,
2019,Generales,Presidente,BLANCOS,76,65,60,48,"0,37%","0,35%","0,39%","0,43%","0,45%","0,45%","0,49%","0,55%",249,52207,"0,48%","0,38%",,,,
2019,Generales,Presidente,ANULADOS,175,184,160,98,"0,84%","1,00%","1,04%","0,88%","1,05%","1,27%","1,30%","1,13%",617,52207,"1,18%","0,94%",,,,
2019,Generales,Concejales,PRO,1691,1307,936,833,"8,14%","7,09%","6,07%","7,51%","11,56%","10,26%","8,78%","10,99%",4767,45604,"10,45%","7,41%",,,,
2019,Generales,Concejales,UNIDOS,5433,4575,3660,2681,"26,16%","24,83%","23,72%","24,16%","37,15%","35,91%","34,35%","35,36%",16349,45604,"35,85%","25,40%",,,,
2019,Generales,Concejales,PJ (K),3318,3024,3005,1963,"15,97%","16,41%","19,48%","17,69%","22,69%","23,74%","28,20%","25,89%",11310,45604,"24,80%","17,57%",,,,
2019,Generales,Concejales,NUEVO HORIZONTE,410,340,288,249,"1,97%","1,85%","1,87%","2,24%","2,80%","2,67%","2,70%","3,28%",1287,45604,"2,82%","2,00%","70,86%",,,
2019,Generales,Concejales,VENADO RENACE,1824,1564,1255,898,"8,78%","8,49%","8,13%","8,09%","12,47%","12,28%","11,78%","11,84%",5541,45604,"12,15%","8,61%",,,,
2019,Generales,Concejales,OTROS,1051,1098,821,475,"5,06%","5,96%","5,32%","4,28%","7,19%","8,62%","7,70%","6,26%",3445,45604,"7,55%","5,35%",,,,
2019,Generales,Concejales,BLANCOS,504,461,406,292,"2,43%","2,50%","2,63%","2,63%","3,45%","3,62%","3,81%","3,85%",1663,45604,"3,65%","2,58%",,,,
2019,Generales,Concejales,ANULADOS,395,371,285,191,"1,90%","2,01%","1,85%","1,72%","2,70%","2,91%","2,67%","2,52%",1242,45604,"2,72%","1,93%",,,,
2019,Generales,Intendente,UNIDOS,8282,6961,5156,3937,"39,87%","37,77%","33,42%","35,47%","56,63%","54,64%","48,39%","51,93%",24336,45604,"53,36%","37,81%",,,,
2019,Generales,Intendente,PJ (K),5168,4729,4664,2997,"24,88%","25,66%","30,23%","27,00%","35,33%","37,12%","43,77%","39,53%",17558,45604,"38,50%","27,28%",,,,
2019,Generales,Intendente,NUEVO HORIZONTE,687,609,492,394,"3,31%","3,30%","3,19%","3,55%","4,70%","4,78%","4,62%","5,20%",2182,45604,"4,78%","3,39%","70,86%",,,
2019,Generales,Intendente,BLANCOS,172,160,106,90,"0,83%","0,87%","0,69%","0,81%","1,18%","1,26%","0,99%","1,19%",528,45604,"1,16%","0,82%",,,,
2019,Generales,Intendente,ANULADOS,317,281,238,164,"1,53%","1,52%","1,54%","1,48%","2,17%","2,21%","2,23%","2,16%",1000,45604,"2,19%","1,55%",,,,
2019,Generales,Gobernador,PRO,2542,1994,1457,1205,"12,24%","10,82%","9,44%","10,86%","17,56%","15,65%","13,67%","15,89%",7198,45456,"15,84%","11,18%",,,,
2019,Generales,Gobernador,UNIDOS,6233,5509,4398,3152,"30,01%","29,89%","28,50%","28,40%","43,05%","43,24%","41,27%","41,57%",19292,45456,"42,44%","29,98%",,,,
2019,Generales,Gobernador,PJ (K),4823,4391,4142,2751,"23,22%","23,83%","26,84%","24,79%","33,31%","34,47%","38,87%","36,28%",16107,45456,"35,43%","25,03%","70,63%",,,
2019,Generales,Gobernador,BLANCOS,519,470,379,277,"2,50%","2,55%","2,46%","2,50%","3,58%","3,69%","3,56%","3,65%",1645,45456,"3,62%","2,56%",,,,
2019,Generales,Gobernador,ANULADOS,361,376,280,197,"1,74%","2,04%","1,81%","1,77%","2,49%","2,95%","2,63%","2,60%",1214,45456,"2,67%","1,89%",,,,
2019,Generales,Senador P,PRO,1232,954,708,615,"5,93%","5,18%","4,59%","5,54%","8,51%","7,49%","6,64%","8,11%",3509,45456,"7,72%","5,45%",,,,
2019,Generales,Senador P,UNIDOS,8657,7488,5907,4220,"41,68%","40,63%","38,28%","38,02%","59,79%","58,78%","55,43%","55,66%",26272,45456,"57,80%","40,82%",,,,
2019,Generales,Senador P,PJ (K),3630,3392,3324,2227,"17,48%","18,41%","21,54%","20,06%","25,07%","26,62%","31,19%","29,37%",12573,45456,"27,66%","19,54%","70,63%",,,
2019,Generales,Senador P,BLANCOS,585,531,432,320,"2,82%","2,88%","2,80%","2,88%","4,04%","4,17%","4,05%","4,22%",1868,45456,"4,11%","2,90%",,,,
2019,Generales,Senador P,ANULADOS,374,375,285,200,"1,80%","2,03%","1,85%","1,80%","2,58%","2,94%","2,67%","2,64%",1234,45456,"2,71%","1,92%",,,,
2019,Generales,Diputado P,PRO,1491,1089,774,650,"7,18%","5,91%","5,02%","5,86%","10,30%","8,55%","7,26%","8,57%",4004,45456,"8,81%","6,22%",,,,
2019,Generales,Diputado P,UNIDOS,6562,5642,4566,3312,"31,59%","30,62%","29,59%","29,84%","45,32%","44,29%","42,85%","43,68%",20082,45456,"44,18%","31,20%",,,,
2019,Generales,Diputado P,PJ (K),2602,2414,2354,1526,"12,53%","13,10%","15,26%","13,75%","17,97%","18,95%","22,09%","20,13%",8896,45456,"19,57%","13,82%","70,63%",,,
2019,Generales,Diputado P,OTROS,2715,2522,2092,1471,"13,07%","13,69%","13,56%","13,25%","18,75%","19,80%","19,63%","19,40%",8800,45456,"19,36%","13,67%",,,,
2019,Generales,Diputado P,BLANCOS,724,672,563,409,"3,49%","3,65%","3,65%","3,69%","5,00%","5,27%","5,28%","5,39%",2368,45456,"5,21%","3,68%",,,,
2019,Generales,Diputado P,ANULADOS,384,401,307,214,"1,85%","2,18%","1,99%","1,93%","2,65%","3,15%","2,88%","2,82%",1306,45456,"2,87%","2,03%",,,,
2021,Primarias,Diputados N,PJ (K),2500,2285,2212,1490,"12,13%","12,27%","14,44%","13,42%","18,80%","19,48%","23,29%","21,30%",8487,41523,"20,44%","12,83%",,,,
2021,Primarias,Diputados N,UNIDOS,7256,6032,4449,3505,"35,20%","32,38%","29,05%","31,57%","54,55%","51,43%","46,84%","50,11%",21242,41523,"51,16%","32,12%",,,,
2021,Primarias,Diputados N,OTROS,1022,1114,968,608,"4,96%","5,98%","6,32%","5,48%","7,68%","9,50%","10,19%","8,69%",3712,41523,"8,94%","5,61%","62,78%",,,
2021,Primarias,Diputados N,IZQUIERDA,229,211,170,135,"1,11%","1,13%","1,11%","1,22%","1,72%","1,80%","1,79%","1,93%",745,41523,"1,79%","1,13%",,,,
2021,Primarias,Diputados N,FRENTE AMPLIO PROGRESISTA (SOC),1118,1018,822,599,"5,42%","5,46%","5,37%","5,40%","8,41%","8,68%","8,65%","8,56%",3557,41523,"8,57%","5,38%",,,,
2021,Primarias,Diputados N,BLANCOS,567,452,322,275,"2,75%","2,43%","2,10%","2,48%","4,26%","3,85%","3,39%","3,93%",1616,41523,"3,89%","2,44%",,,,
2021,Primarias,Diputados N,ANULADOS,609,617,555,383,"2,95%","3,31%","3,62%","3,45%","4,58%","5,26%","5,84%","5,48%",2164,41523,"5,21%","3,27%",,,,
2021,Primarias,Senadores N,PJ (K),2515,2309,2224,1501,"12,20%","12,39%","14,52%","13,52%","18,90%","19,62%","23,38%","21,49%",8549,41572,"20,56%","12,93%",,,,
2021,Primarias,Senadores N,UNIDOS,7254,6047,4443,3481,"35,19%","32,46%","29,01%","31,36%","54,52%","51,38%","46,70%","49,84%",21225,41572,"51,06%","32,09%",,,,
2021,Primarias,Senadores N,IZQUIERDA,230,212,170,135,"1,12%","1,14%","1,11%","1,22%","1,73%","1,80%","1,79%","1,93%",747,41572,"1,80%","1,13%","62,85%",,,
2021,Primarias,Senadores N,OTROS,991,1087,933,592,"4,81%","5,83%","6,09%","5,33%","7,45%","9,24%","9,81%","8,48%",3603,41572,"8,67%","5,45%",,,,
2021,Primarias,Senadores N,FRENTE AMPLIO PROGRESISTA (SOC),1127,1045,842,612,"5,47%","5,61%","5,50%","5,51%","8,47%","8,88%","8,85%","8,76%",3626,41572,"8,72%","5,48%",,,,
2021,Primarias,Senadores N,BLANCOS,595,472,364,288,"2,89%","2,53%","2,38%","2,59%","4,47%","4,01%","3,83%","4,12%",1719,41572,"4,13%","2,60%",,,,
2021,Primarias,Senadores N,ANULADOS,592,597,538,376,"2,87%","3,20%","3,51%","3,39%","4,45%","5,07%","5,65%","5,38%",2103,41572,"5,06%","3,18%",,,,
2021,Primarias,Concejales,CIUDAD FUTURA,1371,1391,1193,817,"6,65%","7,47%","7,79%","7,36%","10,20%","11,91%","12,33%","11,78%",4772,41725,"11,44%","7,28%",,,,
2021,Primarias,Concejales,UNIDOS,6713,5527,4357,3246,"32,56%","29,67%","28,45%","29,24%","49,96%","47,32%","45,03%","46,82%",19843,41725,"47,56%","30,28%",,,,
2021,Primarias,Concejales,PJ (K),1673,1508,1417,939,"8,12%","8,09%","9,25%","8,46%","12,45%","12,91%","14,64%","13,54%",5537,41725,"13,27%","8,45%",,,,
2021,Primarias,Concejales,PRO,1062,918,727,524,"5,15%","4,93%","4,75%","4,72%","7,90%","7,86%","7,51%","7,56%",3231,41725,"7,74%","4,93%","63,66%",,,
2021,Primarias,Concejales,GEN,944,799,629,480,"4,58%","4,29%","4,11%","4,32%","7,03%","6,84%","6,50%","6,92%",2852,41725,"6,84%","4,35%",,,,
2021,Primarias,Concejales,OTROS,468,405,432,315,"2,27%","2,17%","2,82%","2,84%","3,48%","3,47%","4,46%","4,54%",1620,41725,"3,88%","2,47%",,,,
2021,Primarias,Concejales,BLANCOS,454,418,300,225,"2,20%","2,24%","1,96%","2,03%","3,38%","3,58%","3,10%","3,25%",1397,41725,"3,35%","2,13%",,,,
2021,Primarias,Concejales,ANULADOS,751,714,621,387,"3,64%","3,83%","4,06%","3,49%","5,59%","6,11%","6,42%","5,58%",2473,41725,"5,93%","3,77%",,,,
2021,Generales,Diputados N,PJ (K),3077,2808,2569,1753,"14,63%","15,03%","16,37%","15,73%","21,26%","22,36%","24,73%","24,26%",10207,44644,"22,86%","15,43%",,,,
2021,Generales,Diputados N,UNIDOS,7677,6218,4702,3423,"36,51%","33,28%","29,97%","30,72%","53,05%","49,51%","45,27%","47,36%",22020,44644,"49,32%","33,29%",,,,
2021,Generales,Diputados N,IZQUIERDA,275,280,278,166,"1,31%","1,50%","1,77%","1,49%","1,90%","2,23%","2,68%","2,30%",999,44644,"2,24%","1,51%","67,50%",,,
2021,Generales,Diputados N,FRENTE AMPLIO PROGRESISTA (SOC),1413,1250,1106,736,"6,72%","6,69%","7,05%","6,61%","9,77%","9,95%","10,65%","10,18%",4505,44644,"10,09%","6,81%",,,,
2021,Generales,Diputados N,OTROS,1317,1298,1135,771,"6,26%","6,95%","7,23%","6,92%","9,10%","10,33%","10,93%","10,67%",4521,44644,"10,13%","6,84%",,,,
2021,Generales,Diputados N,BLANCOS,348,344,307,190,"1,66%","1,84%","1,96%","1,71%","2,40%","2,74%","2,96%","2,63%",1189,44644,"2,66%","1,80%",,,,
2021,Generales,Diputados N,ANULADOS,363,362,290,188,"1,73%","1,94%","1,85%","1,69%","2,51%","2,88%","2,79%","2,60%",1203,44644,"2,69%","1,82%",,,,
2021,Generales,Senadores N,PJ (K),3099,2832,2721,1757,"14,74%","15,16%","17,34%","15,77%","21,41%","22,54%","25,85%","23,85%",10409,44930,"23,17%","15,74%",,,,
2021,Generales,Senadores N,UNIDOS,7704,6249,4728,3532,"36,64%","33,45%","30,14%","31,70%","53,22%","49,75%","44,91%","47,95%",22213,44930,"49,44%","33,58%",,,,
2021,Generales,Senadores N,IZQUIERDA,275,277,280,170,"1,31%","1,48%","1,78%","1,53%","1,90%","2,21%","2,66%","2,31%",1002,44930,"2,23%","1,51%",,,,
2021,Generales,Senadores N,FRENTE AMPLIO PROGRESISTA (SOC),1443,1273,1116,770,"6,86%","6,81%","7,11%","6,91%","9,97%","10,13%","10,60%","10,45%",4602,44930,"10,24%","6,96%","67,93%",,,
2021,Generales,Senadores N,OTROS,1278,1267,1102,763,"6,08%","6,78%","7,02%","6,85%","8,83%","10,09%","10,47%","10,36%",4410,44930,"9,82%","6,67%",,,,
2021,Generales,Senadores N,BLANCOS,308,307,285,177,"1,46%","1,64%","1,82%","1,59%","2,13%","2,44%","2,71%","2,40%",1077,44930,"2,40%","1,63%",,,,
2021,Generales,Senadores N,ANULADOS,368,357,295,197,"1,75%","1,91%","1,88%","1,77%","2,54%","2,84%","2,80%","2,67%",1217,44930,"2,71%","1,84%",,,,
2021,Generales,Concejales,UNIDOS,7984,6653,5300,3733,"37,97%","35,61%","33,78%","33,51%","55,68%","53,44%","51,01%","51,28%",23670,44458,"53,24%","36,11%",,,,
2021,Generales,Concejales,CIUDAD FUTURA,2309,2082,1904,1357,"10,98%","11,14%","12,14%","12,18%","16,10%","16,72%","18,33%","18,64%",7652,44458,"17,21%","11,67%",,,,
2021,Generales,Concejales,PJ (K),1837,1771,1665,1105,"8,74%","9,48%","10,61%","9,92%","12,81%","14,23%","16,03%","15,18%",6378,44458,"14,35%","9,73%","67,83%",,,
2021,Generales,Concejales,PRO,858,690,543,408,"4,08%","3,69%","3,46%","3,66%","5,98%","5,54%","5,23%","5,61%",2499,44458,"5,62%","3,81%",,,,
2021,Generales,Concejales,GEN,747,618,471,361,"3,55%","3,31%","3,00%","3,24%","5,21%","4,96%","4,53%","4,96%",2197,44458,"4,94%","3,35%",,,,
2021,Generales,Concejales,BLANCOS,193,201,142,101,"0,92%","1,08%","0,91%","0,91%","1,35%","1,61%","1,37%","1,39%",637,44458,"1,43%","0,97%",,,,
2021,Generales,Concejales,ANULADOS,412,434,365,214,"1,96%","2,32%","2,33%","1,92%","2,87%","3,49%","3,51%","2,94%",1425,44458,"3,21%","2,17%",,,,
2023,Primarias,Intendente,CIUDAD FUTURA,1244,1114,1182,814,"5,75%","5,89%","7,43%","7,28%","9,30%","9,71%","12,29%","11,40%",4354,41613,"10,46%","6,43%",,,,
2023,Primarias,Intendente,PJ (K),889,709,682,488,"4,11%","3,75%","4,28%","4,37%","6,64%","6,18%","7,09%","6,83%",2768,41613,"6,65%","4,09%",,,,
2023,Primarias,Intendente,UNIDOS,10688,9121,7353,5281,"49,41%","48,22%","46,20%","47,25%","79,87%","79,53%","76,43%","73,93%",32443,41613,"77,96%","47,89%","61,42%",,,
2023,Primarias,Intendente,BLANCOS,274,240,205,274,"1,27%","1,27%","1,29%","2,45%","2,05%","2,09%","2,13%","3,84%",993,41613,"2,39%","1,47%",,,,
2023,Primarias,Intendente,ANULADOS,286,284,199,286,"1,32%","1,50%","1,25%","2,56%","2,14%","2,48%","2,07%","4,00%",1055,41613,"2,54%","1,56%",,,,
2023,Primarias,Concejales,LLA,1058,934,789,506,"4,89%","4,94%","4,96%","4,53%","8,04%","8,10%","8,16%","7,59%",3287,41019,"8,01%","4,85%",,,,
2023,Primarias,Concejales,CIUDAD FUTURA,1115,1132,1107,738,"5,15%","5,98%","6,95%","6,60%","8,48%","9,82%","11,45%","11,07%",4092,41019,"9,98%","6,04%",,,,
2023,Primarias,Concejales,OTROS,548,243,252,167,"2,53%","1,28%","1,58%","1,49%","4,17%","2,11%","2,61%","2,50%",1210,41019,"2,95%","1,79%",,,,
2023,Primarias,Concejales,PJ (K),1778,1677,1609,990,"8,22%","8,87%","10,11%","8,86%","13,52%","14,55%","16,64%","14,84%",6054,41019,"14,76%","8,94%","60,55%",,,
2023,Primarias,Concejales,UNIDOS,7399,6365,5022,3608,"34,21%","33,65%","31,55%","32,28%","56,24%","55,22%","51,94%","54,10%",22394,41019,"54,59%","33,05%",,,,
2023,Primarias,Concejales,IZQUIERDA,266,302,212,147,"1,23%","1,60%","1,33%","1,32%","2,02%","2,62%","2,19%","2,20%",927,41019,"2,26%","1,37%",,,,
2023,Primarias,Concejales,BLANCOS,573,497,413,308,"2,65%","2,63%","2,59%","2,76%","4,36%","4,31%","4,27%","4,62%",1791,41019,"4,37%","2,64%",,,,
2023,Primarias,Concejales,ANULADOS,418,377,264,205,"1,93%","1,99%","1,66%","1,83%","3,18%","3,27%","2,73%","3,07%",1264,41019,"3,08%","1,87%",,,,
2023,Primarias,Gobernador,LLA,275,233,232,150,"1,27%","1,23%","1,46%","1,34%","2,08%","2,04%","2,40%","2,18%",890,41158,"2,16%","1,31%",,,,
2023,Primarias,Gobernador,PJ (K),1373,1228,1168,787,"6,35%","6,49%","7,34%","7,04%","10,41%","10,77%","12,07%","11,43%",4556,41158,"11,07%","6,72%",,,,
2023,Primarias,Gobernador,OTROS,289,252,210,136,"1,34%","1,33%","1,32%","1,22%","2,19%","2,21%","2,17%","1,98%",887,41158,"2,16%","1,31%","60,75%",,,
2023,Primarias,Gobernador,IZQUIERDA,223,154,152,126,"1,03%","0,81%","0,95%","1,13%","1,69%","1,35%","1,57%","1,83%",655,41158,"1,59%","0,97%",,,,
2023,Primarias,Gobernador,UNIDOS,10014,8590,7070,5109,"46,30%","45,41%","44,42%","45,71%","75,90%","75,30%","73,08%","74,23%",30783,41158,"74,79%","45,44%",,,,
2023,Primarias,Gobernador,BLANCOS,659,574,536,353,"3,05%","3,03%","3,37%","3,16%","4,99%","5,03%","5,54%","5,13%",2122,41158,"5,16%","3,13%",,,,
2023,Primarias,Gobernador,ANULADOS,361,376,306,222,"1,67%","1,99%","1,92%","1,99%","2,74%","3,30%","3,16%","3,23%",1265,41158,"3,07%","1,87%",,,,
2023,Primarias,Presidente,IZQUIERDA,192,183,191,144,"0,91%","0,96%","1,21%","1,30%","1,29%","1,41%","1,75%","1,88%",710,46404,"1,53%","1,06%",,,,
2023,Primarias,Presidente,UNIDOS,5438,4765,3636,2490,"25,80%","25,10%","22,96%","22,49%","36,46%","36,81%","33,34%","32,58%",16329,46404,"35,19%","24,31%",,,,
2023,Primarias,Presidente,LLA,5836,5200,4348,3043,"27,69%","27,39%","27,45%","27,48%","39,13%","40,17%","39,87%","39,82%",18427,46404,"39,71%","27,43%","69,08%",,,
2023,Primarias,Presidente,PJ (K),1972,1486,1468,1007,"9,35%","7,83%","9,27%","9,09%","13,22%","11,48%","13,46%","13,18%",5933,46404,"12,79%","8,83%",,,,
2023,Primarias,Presidente,OTROS,813,769,691,464,"3,86%","4,05%","4,36%","4,19%","5,45%","5,94%","6,34%","6,07%",2737,46404,"5,90%","4,07%",,,,
2023,Primarias,Presidente,BLANCOS,411,276,291,317,"1,95%","1,45%","1,84%","2,86%","2,76%","2,13%","2,67%","4,15%",1295,46404,"2,79%","1,93%",,,,
2023,Primarias,Presidente,ANULADOS,251,265,280,177,"1,19%","1,40%","1,77%","1,60%","1,68%","2,05%","2,57%","2,32%",973,46404,"2,10%","1,45%",,,,
2023,Generales,Intendente,UNIDOS,11341,9768,7905,5595,"53,98%","51,64%","49,66%","50,06%","82,10%","80,53%","77,90%","78,88%",34609,43186,"80,14%","51,08%",,,,
2023,Generales,Intendente,CIUDAD FUTURA,1275,1242,1277,811,"6,07%","6,57%","8,02%","7,26%","9,23%","10,24%","12,58%","11,43%",4605,43186,"10,66%","6,80%",,,,
2023,Generales,Intendente,PJ (K),725,636,593,394,"3,45%","3,36%","3,73%","3,53%","5,25%","5,24%","5,84%","5,55%",2348,43186,"5,44%","3,47%","63,74%",,,
2023,Generales,Intendente,BLANCOS,233,190,168,154,"1,11%","1,00%","1,06%","1,38%","1,69%","1,57%","1,66%","2,17%",745,43186,"1,73%","1,10%",,,,
2023,Generales,Intendente,ANULADOS,240,293,205,139,"1,14%","1,55%","1,29%","1,24%","1,74%","2,42%","2,02%","1,96%",879,43186,"2,04%","1,30%",,,,
2023,Generales,Concejales,UNIDOS,8797,7415,5936,4223,"41,87%","39,20%","37,29%","37,78%","63,67%","61,13%","58,49%","59,54%",26371,43186,"61,06%","38,92%",,,,
2023,Generales,Concejales,CIUDAD FUTURA,1746,1694,1706,1137,"8,31%","8,95%","10,72%","10,17%","12,64%","13,97%","16,81%","16,03%",6283,43186,"14,55%","9,27%",,,,
2023,Generales,Concejales,PJ (K),1305,1231,1125,744,"6,21%","6,51%","7,07%","6,66%","9,45%","10,15%","11,09%","10,49%",4405,43186,"10,20%","6,50%","63,74%",,,
2023,Generales,Concejales,LLA,1229,1019,816,559,"5,85%","5,39%","5,13%","5,00%","8,90%","8,40%","8,04%","7,88%",3623,43186,"8,39%","5,35%",,,,
2023,Generales,Concejales,BLANCOS,452,439,337,284,"2,15%","2,32%","2,12%","2,54%","3,27%","3,62%","3,32%","4,00%",1512,43186,"3,50%","2,23%",,,,"NOTA IMPORTANTE: LOS  TOTALES POR MESA PUEDEN NO COINCIDIR CON EL PADRÓN PORQUE FUERON ELIMINADOS LOS RECURRIDOS, POLICÍA, ETC."
2023,Generales,Concejales,ANULADOS,287,331,228,146,"1,37%","1,75%","1,43%","1,31%","2,08%","2,73%","2,25%","2,06%",992,43186,"2,30%","1,46%",,,,
2023,Generales,Gobernador,UNIDOS,10529,9162,7529,5259,"50,11%","48,43%","47,30%","47,05%","78,75%","75,54%","74,19%","74,14%",32479,43100,"75,36%","47,94%",,,,
2023,Generales,Gobernador,PJ (K),1475,1330,1201,823,"7,02%","7,03%","7,55%","7,36%","11,03%","10,97%","11,83%","11,60%",4829,43100,"11,20%","7,13%",,,,
2023,Generales,Gobernador,LLA,643,546,500,314,"3,06%","2,89%","3,14%","2,81%","4,81%","4,50%","4,93%","4,43%",2003,43100,"4,65%","2,96%","63,62%",,,
2023,Generales,Gobernador,IZQUIERDA,345,330,286,231,"1,64%","1,74%","1,80%","2,07%","2,58%","2,72%","2,82%","3,26%",1192,43100,"2,77%","1,76%",,,,
2023,Generales,Gobernador,BLANCOS,461,420,396,303,"2,19%","2,22%","2,49%","2,71%","3,45%","3,46%","3,90%","4,27%",1580,43100,"3,67%","2,33%",,,,
2023,Generales,Gobernador,ANULADOS,277,341,236,163,"1,32%","1,80%","1,48%","1,46%","2,07%","2,81%","2,33%","2,30%",1017,43100,"2,36%","1,50%",,,,
2023,Generales,Presidente,IZQUIERDA,215,179,300,140,"1,02%","0,94%","1,89%","1,26%","1,35%","1,25%","2,51%","1,64%",834,50775,"1,64%","1,24%",,,,
2023,Generales,Presidente,PJ NO K,1521,1438,1299,989,"7,22%","7,57%","8,19%","8,92%","9,52%","10,05%","10,85%","11,59%",5247,50775,"10,33%","7,81%",,,,
2023,Generales,Presidente,UNIDOS,5170,4757,3554,2543,"24,52%","25,05%","22,42%","22,93%","32,37%","33,26%","29,69%","29,80%",16024,50775,"31,56%","23,85%",,,,
2023,Generales,Presidente,LLA,5955,5291,4323,3014,"28,25%","27,86%","27,27%","27,18%","37,29%","36,99%","36,12%","35,32%",18583,50775,"36,60%","27,66%","75,58%",,,
2023,Generales,Presidente,PJ (K),2796,2364,2270,1692,"13,26%","12,45%","14,32%","15,26%","17,51%","16,53%","18,97%","19,83%",9122,50775,"17,97%","13,58%",,,,
2023,Generales,Presidente,BLANCOS,175,120,94,68,"0,83%","0,63%","0,59%","0,61%","1,10%","0,84%","0,79%","0,80%",457,50775,"0,90%","0,68%",,,,
2023,Generales,Presidente,ANULADOS,138,154,129,87,"0,65%","0,81%","0,81%","0,78%","0,86%","1,08%","1,08%","1,02%",508,50775,"1,00%","0,76%",,,,
2025,Primarias,Convencionales D,IZQUIERDA,382,392,310,196,"1,78%","2,05%","1,89%","1,74%","3,65%","4,38%","4,08%","3,78%",1280,32199,"3,98%","1,87%",,,,
2025,Primarias,Convencionales D,LLA,1394,1129,890,649,"6,51%","5,91%","5,43%","5,75%","13,32%","12,61%","11,70%","12,53%",4062,32199,"12,62%","5,92%",,,,
2025,Primarias,Convencionales D,PJ (K),1368,1188,1114,791,"6,39%","6,22%","6,80%","7,01%","13,07%","13,27%","14,65%","15,27%",4461,32199,"13,85%","6,50%","46,93%",,,
2025,Primarias,Convencionales D,SOMOS VIDA Y LIBERTAD,600,405,395,275,"2,80%","2,12%","2,41%","2,44%","5,73%","4,52%","5,19%","5,31%",1675,32199,"5,20%","2,44%",,,,
2025,Primarias,Convencionales D,OTROS,318,301,261,144,"1,49%","1,58%","1,59%","1,28%","3,04%","3,36%","3,43%","2,78%",1024,32199,"3,18%","1,49%",,,,
2025,Primarias,Convencionales D,UNIDOS,5499,4930,4174,2806,"25,69%","25,83%","25,47%","24,87%","52,55%","55,08%","54,88%","54,18%",17409,32199,"54,07%","25,37%",,,,
2025,Primarias,Convencionales D,BLANCOS,436,274,198,150,"2,04%","1,44%","1,21%","1,33%","4,17%","3,06%","2,60%","2,90%",1058,32199,"3,29%","1,54%",,,,
2025,Primarias,Convencionales D,ANULADOS,467,332,263,168,"2,18%","1,74%","1,60%","1,49%","4,46%","3,71%","3,46%","3,24%",1230,32199,"3,82%","1,79%",,,,
2025,Primarias,Convencionales DÚ,IZQUIERDA,491,482,350,243,"2,29%","2,53%","2,14%","2,15%","4,70%","5,38%","4,60%","4,69%",1566,32181,"4,87%","2,28%",,,,
2025,Primarias,Convencionales DÚ,LLA,1330,1065,819,586,"6,21%","5,58%","5,00%","5,19%","12,73%","11,90%","10,77%","11,31%",3800,32181,"11,81%","5,54%",,,,
2025,Primarias,Convencionales DÚ,PJ (K),1103,904,898,635,"5,15%","4,74%","5,48%","5,63%","10,56%","10,10%","11,81%","12,26%",3540,32181,"11,00%","5,16%","46,90%",,,
2025,Primarias,Convencionales DÚ,PJ NO K,45,43,43,31,"0,21%","0,23%","0,26%","0,27%","0,43%","0,48%","0,57%","0,60%",162,32181,"0,50%","0,24%",,,,
2025,Primarias,Convencionales DÚ,SOMOS VIDA Y LIBERTAD,1444,1187,1059,698,"6,75%","6,22%","6,46%","6,19%","13,82%","13,26%","13,93%","13,48%",4388,32181,"13,64%","6,40%",,,,
2025,Primarias,Convencionales DÚ,OTROS,725,664,632,352,"3,39%","3,48%","3,86%","3,12%","6,94%","7,42%","8,31%","6,80%",2373,32181,"7,37%","3,46%",,,,
2025,Primarias,Convencionales DÚ,UNIDOS,4468,4023,3350,2334,"20,88%","21,08%","20,44%","20,69%","42,77%","44,94%","44,05%","45,07%",14175,32181,"44,05%","20,66%",,,,
2025,Primarias,Convencionales DÚ,BLANCOS,394,255,178,143,"1,84%","1,34%","1,09%","1,27%","3,77%","2,85%","2,34%","2,76%",970,32181,"3,01%","1,41%",,,,
2025,Primarias,Convencionales DÚ,ANULADOS,446,328,276,157,"2,08%","1,72%","1,68%","1,39%","4,27%","3,66%","3,63%","3,03%",1207,32181,"3,75%","1,76%",,,,
2025,Generales,Concejales,IZQUIERDA,64,78,44,27,"0,30%","0,41%","0,27%","0,24%","0,69%","0,94%","0,64%","0,59%",213,29015,"0,73%","0,00%",,,,
2025,Generales,Concejales,LLA,1231,998,766,589,"5,75%","5,23%","4,67%","5,22%","13,25%","12,09%","11,08%","12,92%",3584,29015,"12,35%","5,22%",,,,
2025,Generales,Concejales,PJ (K),1092,975,985,603,"5,10%","5,11%","6,01%","5,34%","11,75%","11,81%","14,25%","13,23%",3655,29015,"12,60%","5,33%",,,,
2025,Generales,Concejales,CIUDAD FUTURA,1545,1423,1381,877,"7,22%","7,45%","8,43%","7,77%","16,63%","17,24%","19,98%","19,24%",5226,29015,"18,01%","7,62%","42,29%",,,
2025,Generales,Concejales,UNIDOS,4733,4212,3203,2176,"22,11%","22,07%","19,54%","19,29%","50,94%","51,03%","46,34%","47,74%",14324,29015,"49,37%","20,88%",,,,
2025,Generales,Concejales,OTROS,326,233,228,123,"1,52%","1,22%","1,39%","1,09%","3,51%","2,82%","3,30%","2,70%",910,29015,"3,14%","1,33%",,,,
2025,Generales,Concejales,BLANCOS,85,88,67,50,"0,40%","0,46%","0,41%","0,44%","0,91%","1,07%","0,97%","1,10%",290,29015,"1,00%","0,42%",,,,
2025,Generales,Concejales,ANULADOS,215,247,238,113,"1,00%","1,29%","1,45%","1,00%","2,31%","2,99%","3,44%","2,48%",813,29015,"2,80%","1,18%",,,,
2025,Generales,Diputados N,LLA,5761,4638,3735,2599,"26,92%","24,30%","22,79%","23,03%","42,23%","39,12%","36,26%","38,00%",16733,42636,"39,25%","24,55%",,,,
2025,Generales,Diputados N,UNIDOS,3980,3598,3056,1990,"18,60%","18,85%","18,65%","17,64%","29,18%","30,35%","29,67%","29,10%",12624,42636,"29,61%","18,52%",,,,
2025,Generales,Diputados N,PJ (K),2316,2084,2150,1346,"10,82%","10,92%","13,12%","11,93%","16,98%","17,58%","20,87%","19,68%",7896,42636,"18,52%","11,58%","62,55%",,,
2025,Generales,Diputados N,IZQUIERDA,306,314,257,179,"1,43%","1,65%","1,57%","1,59%","2,24%","2,65%","2,50%","2,62%",1056,42636,"2,48%","1,55%",,,,
2025,Generales,Diputados N,OTROS,620,560,566,368,"2,90%","2,93%","3,45%","3,26%","4,55%","4,72%","5,50%","5,38%",2114,42636,"4,96%","3,10%",,,,
2025,Generales,Diputados N,BLANCOS,206,199,175,115,"0,96%","1,04%","1,07%","1,02%","1,51%","1,68%","1,70%","1,68%",695,42636,"1,63%","1,02%",,,,
2025,Generales,Diputados N,ANULADOS,452,463,361,242,"2,11%","2,43%","2,20%","2,14%","3,31%","3,91%","3,50%","3,54%",1518,42636,"3,56%","2,23%",,,,